pincode,latitude,longitude,city,state,formatted_address
560,20.593684,78.96288,,,India
56010,20.593684,78.96288,,,India
208011,26.4045188,80.3380213,Kanpur,Uttar Pradesh,"Kidwai Nagar, Kanpur, Uttar Pradesh 208011, India"
226001,26.8537051,80.9484195,Lucknow,Uttar Pradesh,"Lucknow, Uttar Pradesh 226001, India"
284003,25.4600153,78.5320107,Lahargird,Uttar Pradesh,"Lahargird, Uttar Pradesh 284003, India"
380013,23.0599377,72.5612458,Ahmedabad,Gujarat,"Ahmedabad, Gujarat 380013, India"
400054,19.0820116,72.83446909999999,Mumbai,Maharashtra,"Mumbai, Maharashtra 400054, India"
400069,19.118372,72.85007089999999,Mumbai,Maharashtra,"Andheri East, Mumbai, Maharashtra 400069, India"
403707,15.2480579,73.96537150000002,,Goa,"Goa 403707, India"
411000,20.593684,78.96288,,,India
440018,21.1484602,79.0955723,Nagpur,Maharashtra,"Mominpura, Nagpur, Maharashtra 440018, India"
462023,23.2499173,77.44151180000001,Bhopal,Madhya Pradesh,"Govindpura, Bhopal, Madhya Pradesh 462023, India"
474011,26.2208223,78.20773679999999,Gwalior,Madhya Pradesh,"Gwalior, Madhya Pradesh 474011, India"
482002,23.2103329,79.8856824,Jabalpur,Madhya Pradesh,"Jabalpur, Madhya Pradesh 482002, India"
490006,21.1752652,81.3344408,Maitri Kunj,Chhattisgarh,"Maitri Kunj, Chhattisgarh 490006, India"
495001,22.0788635,82.13328179999999,Tiwari Para,Chhattisgarh,"Tiwari Para, Chhattisgarh 495001, India"
500035,17.3552776,78.53769059999999,Hyderabad,Telangana,"Hyderabad, Telangana 500035, India"
515001,14.6941362,77.59919210000001,Anantapur,Andhra Pradesh,"Aravinda Nagar, Anantapur, Andhra Pradesh 515001, India"
515004,14.7299599,77.57340479999999,Akkampalli,Andhra Pradesh,"Akkampalli, Andhra Pradesh 515004, India"
515134,14.1474816,77.80241699999999,Beedupalle,Andhra Pradesh,"Beedupalle, Andhra Pradesh 515134, India"
515414,14.784518,77.9510209,Komatikuntla,Andhra Pradesh,"Komatikuntla, Andhra Pradesh 515414, India"
515591,14.0722763,78.1222336,Kadiri,Andhra Pradesh,"Kadiri, Andhra Pradesh 515591, India"
515671,14.4000475,77.71659249999999,,Andhra Pradesh,"Andhra Pradesh 515671, India"
516002,14.4805102,78.8665733,Kadapa,Andhra Pradesh,"N.G.O Colony, Kadapa, Andhra Pradesh 516002, India"
516003,14.4477694,78.78162189999999,Krishnapuram,Andhra Pradesh,"Krishnapuram, Andhra Pradesh 516003, India"
516115,14.1955116,79.149209,Rajampet,Andhra Pradesh,"Rajampet, Andhra Pradesh 516115, India"
516390,14.4416096,78.1906417,Pulivendula,Andhra Pradesh,"Pulivendula, Andhra Pradesh 516390, India"
517001,13.2239196,79.12662879999999,Chittoor,Andhra Pradesh,"Chittoor, Andhra Pradesh 517001, India"
517257,13.4529694,78.77028949999999,Chowdepalle,Andhra Pradesh,"Chowdepalle, Andhra Pradesh 517257, India"
517425,12.779585,78.4297187,Kangundi,Andhra Pradesh,"Kangundi, Andhra Pradesh 517425, India"
517426,12.8069316,78.2817834,Bisanatham,Andhra Pradesh,"Bisanatham, Andhra Pradesh 517426, India"
517501,13.6244611,79.4310052,Tirupati,Andhra Pradesh,"Tirupati, Andhra Pradesh 517501, India"
518344,15.7493188,77.1255055,Upparahal,Andhra Pradesh,"Upparahal, Andhra Pradesh 518344, India"
518502,15.4464535,78.509288,Noonepalli,Andhra Pradesh,"Noonepalli, Andhra Pradesh 518502, India"
522003,16.2771662,80.44934049999999,Guntur,Andhra Pradesh,"R Agraharam, Guntur, Andhra Pradesh 522003, India"
522601,16.2409028,80.0423151,Narasaraopeta,Andhra Pradesh,"Narasaraopeta, Andhra Pradesh 522601, India"
523002,15.502005,80.0031833,Ongole,Andhra Pradesh,"Siva Prasad Colony, Ongole, Andhra Pradesh 523002, India"
523261,15.8590034,80.0758425,Muppavaram,Andhra Pradesh,"Muppavaram, Andhra Pradesh 523261, India"
524003,14.4108526,79.99759159999999,Kanuparthipadu,Andhra Pradesh,"Kanuparthipadu, Andhra Pradesh 524003, India"
524225,14.7825676,79.80726109999999,Parikota,Andhra Pradesh,"Parikota, Andhra Pradesh 524225, India"
560001,12.9765944,77.5992708,Bengaluru,Karnataka,"Bengaluru, Karnataka 560001, India"
560002,12.9635207,77.5821062,Bengaluru,Karnataka,"Bengaluru, Karnataka 560002, India"
560003,13.0019142,77.57133639999999,Bengaluru,Karnataka,"Bengaluru, Karnataka 560003, India"
560004,12.9437506,77.57375979999999,Bengaluru,Karnataka,"Bengaluru, Karnataka 560004, India"
560005,12.9979887,77.62265119999999,Bengaluru,Karnataka,"Bengaluru, Karnataka 560005, India"
560006,13.0138405,77.5876668,Bengaluru,Karnataka,"Bengaluru, Karnataka 560006, India"
560007,12.9579166,77.6309117,Bengaluru,Karnataka,"Bengaluru, Karnataka 560007, India"
560008,12.9819939,77.6256131,Bengaluru,Karnataka,"Bengaluru, Karnataka 560008, India"
560009,12.9770286,77.5773054,Bengaluru,Karnataka,"Bengaluru, Karnataka 560009, India"
560010,12.9849815,77.553344,Bengaluru,Karnataka,"Bengaluru, Karnataka 560010, India"
560011,12.9336736,77.5899649,Bengaluru,Karnataka,"Bengaluru, Karnataka 560011, India"
560012,13.0140114,77.56576199999999,Bengaluru,Karnataka,"Bengaluru, Karnataka 560012, India"
560013,13.0503355,77.5529007,Bengaluru,Karnataka,"Bengaluru, Karnataka 560013, India"
560014,20.593684,78.96288,,,India
560015,13.0625679,77.5284047,Bengaluru,Karnataka,"Bengaluru, Karnataka 560015, India"
560016,13.0165929,77.68039689999999,Bengaluru,Karnataka,"Bengaluru, Karnataka 560016, India"
560017,12.955106,77.6593211,Bengaluru,Karnataka,"Bengaluru, Karnataka 560017, India"
560018,12.9569886,77.56373280000001,Bengaluru,Karnataka,"Bengaluru, Karnataka 560018, India"
560019,20.593684,78.96288,,,India
560020,12.9889216,77.5740957,Bengaluru,Karnataka,"Bengaluru, Karnataka 560020, India"
560021,12.992521,77.5632862,Bengaluru,Karnataka,"Bengaluru, Karnataka 560021, India"
560022,13.0288778,77.5400403,Bengaluru,Karnataka,"Bengaluru, Karnataka 560022, India"
560023,12.9757428,77.55857809999999,Bengaluru,Karnataka,"Bengaluru, Karnataka 560023, India"
560024,13.0439722,77.60089099999999,Bengaluru,Karnataka,"beside Venkatam Cafe, 61 & 62, Outer Ring Rd, Yogesh Nagar, Hebbal, Bengaluru, Karnataka 560024, India"
560025,12.9662156,77.60679979999999,Bengaluru,Karnataka,"Bengaluru, Karnataka 560025, India"
560026,12.9565222,77.5483533,Bengaluru,Karnataka,"Bengaluru, Karnataka 560026, India"
560027,12.9560933,77.5921445,Bengaluru,Karnataka,"Bengaluru, Karnataka 560027, India"
560028,20.593684,78.96288,,,India
560029,12.9342565,77.6043993,Bengaluru,Karnataka,"Bengaluru, Karnataka 560029, India"
560030,12.9441502,77.607623,Bengaluru,Karnataka,"Bengaluru, Karnataka 560030, India"
560032,13.0297992,77.6047037,Bengaluru,Karnataka,"Bengaluru, Karnataka 560032, India"
560033,12.9983172,77.6408671,Bengaluru,Karnataka,"Bengaluru, Karnataka 560033, India"
560034,12.9261382,77.62210910000002,Bengaluru,Karnataka,"Bengaluru, Karnataka 560034, India"
560035,12.9048022,77.6821069,Bengaluru,Karnataka,"Bengaluru, Karnataka 560035, India"
560036,13.008385,77.69600799999999,Bengaluru,Karnataka,"Bengaluru, Karnataka 560036, India"
560037,12.9566294,77.70468230000002,Bengaluru,Karnataka,"Bengaluru, Karnataka 560037, India"
560038,12.9783459,77.64078669999999,Bengaluru,Karnataka,"Bengaluru, Karnataka 560038, India"
560039,12.9511731,77.5270689,Bengaluru,Karnataka,"Ahmed Nagar, Deepanjali Nagar, Bengaluru, Karnataka 560039, India"
560040,12.9680322,77.5304726,Bengaluru,Karnataka,"Bengaluru, Karnataka 560040, India"
560041,12.9217081,77.5936183,Bengaluru,Karnataka,"Bengaluru, Karnataka 560041, India"
560042,12.9743978,77.61461330000002,Bengaluru,Karnataka,"8th Floor, The Estate, Dickenson Rd, Yellappa Garden, Yellappa Chetty Layout, Sivanchetti Gardens, Bengaluru, Karnataka 560042, India"
560043,13.0206268,77.64788519999999,Bengaluru,Karnataka,"Bengaluru, Karnataka 560043, India"
560045,13.0262152,77.6199836,Bengaluru,Karnataka,"Bengaluru, Karnataka 560045, India"
560046,13.0011645,77.5995482,Bengaluru,Karnataka,"Bengaluru, Karnataka 560046, India"
560047,12.9536792,77.61762480000002,Bengaluru,Karnataka,"Bengaluru, Karnataka 560047, India"
560048,12.9853591,77.7081261,Bengaluru,Karnataka,"Mahadevapura, Bengaluru, Karnataka 560048, India"
560049,13.0222936,77.7132065,Bengaluru,Karnataka,"Bengaluru, Karnataka 560049, India"
560050,12.9397836,77.553344,Bengaluru,Karnataka,"Bengaluru, Karnataka 560050, India"
560051,12.9888129,77.6034894,Bengaluru,Karnataka,"Bengaluru, Karnataka 560051, India"
560052,20.593684,78.96288,,,India
560053,12.9693159,77.5730698,Bengaluru,Karnataka,"Bengaluru, Karnataka 560053, India"
560054,13.0346622,77.55720529999999,Bengaluru,Karnataka,"Bengaluru, Karnataka 560054, India"
560055,13.0093466,77.560509,Bengaluru,Karnataka,"Bengaluru, Karnataka 560055, India"
560056,12.9514678,77.492145,Bengaluru,Karnataka,"Bengaluru, Karnataka 560056, India"
560057,13.0469471,77.50967109999999,Bengaluru,Karnataka,"SLV Building, MVJ, 10/7, 1st Main Rd, Maheswari Nagar, T. Dasarahalli, Bengaluru, Karnataka 560057, India"
560058,13.0280874,77.5120799,Bengaluru,Karnataka,"Bengaluru, Karnataka 560058, India"
560059,12.9251181,77.49918000000001,Bengaluru,Karnataka,"Bengaluru, Karnataka 560059, India"
560060,12.9104743,77.4841775,Bengaluru,Karnataka,"Bengaluru, Karnataka 560060, India"
560061,12.9037254,77.53763889999999,Bengaluru,Karnataka,"Bengaluru, Karnataka 560061, India"
560062,12.8833957,77.54859359999999,Bengaluru,Karnataka,"Bengaluru, Karnataka 560062, India"
560063,13.1290872,77.6142258,Bengaluru,Karnataka,"Bengaluru, Karnataka 560063, India"
560064,13.10197,77.5863591,Bengaluru,Karnataka,"Bengaluru, Karnataka 560064, India"
560065,13.0821988,77.57627029999999,Bengaluru,Karnataka,"Bengaluru, Karnataka 560065, India"
560066,12.9698066,77.7499632,Bengaluru,Karnataka,"Bengaluru, Karnataka 560066, India"
560067,12.9967012,77.758197,Bengaluru,Karnataka,"Bengaluru, Karnataka 560067, India"
560068,12.9065243,77.6312341,Bengaluru,Karnataka,"WJ4J+JF4, Mangammanapalya, Bengaluru, Karnataka 560068, India"
560070,12.9065243,77.6312341,Bengaluru,Karnataka,"WJ4J+JF4, Mangammanapalya, Bengaluru, Karnataka 560068, India"
560071,12.9532958,77.6408123,Bengaluru,Karnataka,"Bengaluru, Karnataka 560071, India"
560072,12.9719249,77.51280899999999,Bengaluru,Karnataka,"Bengaluru, Karnataka 560072, India"
560073,13.049621,77.4941462,Bengaluru,Karnataka,"Bengaluru, Karnataka 560073, India"
560074,12.8823821,77.4418115,Bengaluru,Karnataka,"Bengaluru, Karnataka 560074, India"
560075,12.9706322,77.6529303,Bengaluru,Karnataka,"Bengaluru, Karnataka 560075, India"
560076,12.8845097,77.6035522,Bengaluru,Karnataka,"Bengaluru, Karnataka 560076, India"
560077,13.0639539,77.6503609,Bengaluru,Karnataka,"Kothanur, Bengaluru, Karnataka 560077, India"
560078,12.9065243,77.6312341,Bengaluru,Karnataka,"WJ4J+JF4, Mangammanapalya, Bengaluru, Karnataka 560068, India"
560079,12.9890283,77.5331725,Bengaluru,Karnataka,"Bengaluru, Karnataka 560079, India"
560080,13.010303,77.5796019,Bengaluru,Karnataka,"Bengaluru, Karnataka 560080, India"
560081,12.8003373,77.7080064,Bengaluru,Karnataka,"Bengaluru, Karnataka 560081, India"
560082,12.8219864,77.5103446,Bengaluru,Karnataka,"Bengaluru, Karnataka 560082, India"
560083,12.82667,77.5549333,Bengaluru,Karnataka,"Bengaluru, Karnataka 560083, India"
560084,13.0146034,77.627147,Bengaluru,Karnataka,"Bengaluru, Karnataka 560084, India"
560085,12.9306048,77.54337389999999,Bengaluru,Karnataka,"Bengaluru, Karnataka 560085, India"
560086,13.0066617,77.5449837,Bengaluru,Karnataka,"Bengaluru, Karnataka 560086, India"
560087,12.9214653,77.73431389999999,Bengaluru,Karnataka,"Bengaluru, Karnataka 560087, India"
560088,13.1385705,77.47851159999999,Hesaraghatta,Karnataka,"Hesaraghatta, Karnataka 560088, India"
560089,13.1550676,77.5046101,Byatha,Karnataka,"Byatha, Karnataka 560089, India"
560090,13.1038753,77.4988753,Bengaluru,Karnataka,"Bengaluru, Karnataka 560090, India"
560091,12.9866413,77.4904285,Bengaluru,Karnataka,"Bengaluru, Karnataka 560091, India"
560092,13.0641037,77.5931209,Bengaluru,Karnataka,"Bengaluru, Karnataka 560092, India"
560093,12.9858672,77.6713031,Bengaluru,Karnataka,"Bengaluru, Karnataka 560093, India"
560094,13.039301,77.5739817,Bengaluru,Karnataka,"Bengaluru, Karnataka 560094, India"
560095,12.938781,77.62067689999999,Bengaluru,Karnataka,"Bengaluru, Karnataka 560095, India"
560096,13.015811,77.5390237,Bengaluru,Karnataka,"Bengaluru, Karnataka 560096, India"
560097,13.0809029,77.5564981,Bengaluru,Karnataka,"Bengaluru, Karnataka 560097, India"
560098,12.9155497,77.51346989999999,Bengaluru,Karnataka,"Bengaluru, Karnataka 560098, India"
560099,12.8124199,77.69403150000001,Bengaluru,Karnataka,"Bengaluru, Karnataka 560099, India"
560100,12.8498481,77.6544856,Bengaluru,Karnataka,"Bengaluru, Karnataka 560100, India"
560102,12.9065243,77.6312341,Bengaluru,Karnataka,"WJ4J+JF4, Mangammanapalya, Bengaluru, Karnataka 560068, India"
560103,12.9298689,77.6848366,Bengaluru,Karnataka,"Bengaluru, Karnataka 560103, India"
560104,12.9621342,77.53756360000001,Bengaluru,Karnataka,"Bengaluru, Karnataka 560104, India"
560105,12.7774797,77.6421577,Jigani,Karnataka,"Jigani, Karnataka 560105, India"
560107,13.0896641,77.486207,Bengaluru,Karnataka,"Bengaluru, Karnataka 560107, India"
560108,12.8497145,77.55907599999999,Bengaluru,Karnataka,"Bengaluru, Karnataka 560108, India"
560109,12.8652411,77.5240252,Bengaluru,Karnataka,"Talaghattapura, Bengaluru, Karnataka 560109, India"
560110,12.9498949,77.4800103,Bengaluru,Karnataka,"Bengaluru, Karnataka 560110, India"
560111,12.9004681,77.5719684,Bengaluru,Karnataka,"Bengaluru, Karnataka 560111, India"
560112,12.9778464,77.46446069999999,Bengaluru,Karnataka,"Bengaluru, Karnataka 560112, India"
561101,13.1367515,77.1370115,Hulikal,Karnataka,"Hulikal, Karnataka 561101, India"
561201,12.8596435,77.26431989999999,,Karnataka,"Karnataka 561201, India"
561202,14.0647589,77.3094674,,Karnataka,"Karnataka 561202, India"
561203,13.3016965,77.4931403,Aralumallige,Karnataka,"Aralumallige, Karnataka 561203, India"
561204,13.3424318,77.4013403,Thambenahalli,Karnataka,"Thambenahalli, Karnataka 561204, India"
561205,13.3969324,77.58486649999999,Melekote,Karnataka,"Melekote, Karnataka 561205, India"
561207,13.8436589,77.88245959999999,Pokamakalapalli,Karnataka,"Pokamakalapalli, Karnataka 561207, India"
561208,13.65515,77.5275463,Gauribidanur,Karnataka,"Gauribidanur, Karnataka 561208, India"
561212,13.7201114,77.91674569999999,Neralemaradahalli,Karnataka,"Neralemaradahalli, Karnataka 561212, India"
561213,13.5177191,77.5046101,Alakapura,Karnataka,"Alakapura, Karnataka 561213, India"
561228,13.7052581,77.6192447,Bychapura,Karnataka,"Bychapura, Karnataka 561228, India"
562101,13.451359,77.76809519999999,Gundlagurki,Karnataka,"Gundlagurki, Karnataka 562101, India"
562102,13.3196334,77.85959629999999,Keshavara,Karnataka,"Keshavara, Karnataka 562102, India"
562104,13.5876619,77.76809519999999,Hirenagavalli,Karnataka,"Hirenagavalli, Karnataka 562104, India"
562105,13.4126295,77.9053182,Sidlaghatta,Karnataka,"Sidlaghatta, Karnataka 562105, India"
562106,12.7226855,77.67651839999999,Anekal,Karnataka,"Anekal, Karnataka 562106, India"
562107,12.7828654,77.7566523,Attibele,Karnataka,"Attibele, Karnataka 562107, India"
562108,12.7412968,77.1255055,Kelagere,Karnataka,"Kelagere, Karnataka 562108, India"
562109,12.7547154,77.4013403,Chikkakuntanahalli,Karnataka,"Chikkakuntanahalli, Karnataka 562109, India"
562110,13.2631612,77.6307018,Devanahally,Karnataka,"Devanahally, Karnataka 562110, India"
562111,13.2556515,77.25201009999999,Nijagal,Karnataka,"Nijagal, Karnataka 562111, India"
562112,12.6861235,77.5261225,Harohalli,Karnataka,"Harohalli, Karnataka 562112, India"
562114,13.0476933,77.85959629999999,Hoskote,Karnataka,"Hoskote, Karnataka 562114, India"
562117,12.5316284,77.4472495,Kanakapura,Karnataka,"Kanakapura, Karnataka 562117, India"
562119,12.3773924,77.5160788,Hunasalanatha,Karnataka,"Hunasalanatha, Karnataka 562119, India"
562120,12.8788123,77.17152279999999,Kondahalli,Karnataka,"Kondahalli, Karnataka 562120, India"
562121,12.6260325,77.53901270000001,Banavasi,Karnataka,"Banavasi, Karnataka 562121, India"
562122,13.1976442,77.91674569999999,Nandhagudi,Karnataka,"Nandhagudi, Karnataka 562122, India"
562123,13.1137712,77.355413,Budihal,Karnataka,"Budihal, Karnataka 562123, India"
562125,12.8613691,77.7866469,Bengaluru,Karnataka,"Bengaluru, Karnataka 562125, India"
562126,12.3902028,77.3094674,Chikkalahalli,Karnataka,"Chikkalahalli, Karnataka 562126, India"
562127,13.0854471,77.2405153,,Karnataka,"Karnataka 562127, India"
562129,13.1791998,77.76809519999999,Bendiganahalli,Karnataka,"Bendiganahalli, Karnataka 562129, India"
562130,12.9459719,77.3898602,Chikkanahalli,Karnataka,"Chikkanahalli, Karnataka 562130, India"
562131,13.057089,77.1255055,Kaduramanahalli,Karnataka,"Kaduramanahalli, Karnataka 562131, India"
562132,13.2042611,77.355413,Isuvanahalli,Karnataka,"Isuvanahalli, Karnataka 562132, India"
562135,13.3044199,77.77953699999999,Channarayapatna,Karnataka,"Channarayapatna, Karnataka 562135, India"
562138,12.5678931,77.2635038,Doddanahalli,Karnataka,"Doddanahalli, Karnataka 562138, India"
562149,13.1195105,77.678614,Bengaluru,Karnataka,"Bengaluru, Karnataka 562149, India"
562157,13.1725508,77.6307018,,Karnataka,"Karnataka 562157, India"
562159,12.7908805,77.2175223,Bilagumba,Karnataka,"Bilagumba, Karnataka 562159, India"
562160,12.6534728,77.17152279999999,Channapatna,Karnataka,"Channapatna, Karnataka 562160, India"
562162,13.0623299,77.4587239,Bengaluru,Karnataka,"Hullegowdana Halli, Bengaluru, Karnataka 562162, India"
562163,13.2304303,77.5492172,,Karnataka,"Karnataka 562163, India"
563101,13.1155779,78.09942099999999,Chatrakodihalli,Karnataka,"Chatrakodihalli, Karnataka 563101, India"
563102,20.593684,78.96288,,,India
563103,13.1100516,78.2248291,Chamarahalli,Karnataka,"Chamarahalli, Karnataka 563103, India"
563113,12.8984641,78.30455649999999,Lakshmisagara,Karnataka,"Lakshmisagara, Karnataka 563113, India"
563114,12.9699213,78.13363799999999,Nutuve,Karnataka,"Nutuve, Karnataka 563114, India"
563115,12.9918618,78.2419187,Bharat Nagar,Karnataka,"Bharat Nagar, Karnataka 563115, India"
563116,13.0147953,78.37284559999999,Bethamangala,Karnataka,"Bethamangala, Karnataka 563116, India"
563117,12.9389831,78.261853,Ramapuradinne,Karnataka,"Ramapuradinne, Robertsonpet, Karnataka 563117, India"
563119,12.9220029,78.261853,,Karnataka,"Karnataka 563119, India"
563120,12.9406497,78.2362225,Chikkavalagamadi,Karnataka,"Chikkavalagamadi, Karnataka 563120, India"
563121,12.9684514,78.3500875,Gattarayagadahalli,Karnataka,"Gattarayagadahalli, Karnataka 563121, India"
563122,12.9510793,78.2789365,,Karnataka,"Karnataka 563122, India"
563124,13.828791,78.04236829999999,Venkatapura,Karnataka,"Venkatapura, Karnataka 563124, India"
563125,13.4646618,78.04236829999999,Madanahalli,Karnataka,"Madanahalli, Karnataka 563125, India"
563126,13.2440374,78.1792434,Dalasanur,Karnataka,"Dalasanur, Karnataka 563126, India"
563127,13.1466874,78.2817834,Devarayasamudra,Karnataka,"Devarayasamudra, Karnataka 563127, India"
563128,13.2808223,77.99670429999999,Channasandra,Karnataka,"Channasandra, Karnataka 563128, India"
563129,12.8362343,78.1792434,Kamasamudram,Karnataka,"Kamasamudram, Karnataka 563129, India"
563130,13.0175075,77.93959699999999,Malur,Karnataka,"Malur, Karnataka 563130, India"
563131,13.2070705,78.36146719999999,Mulbagal,Karnataka,"Mulbagal, Karnataka 563131, India"
563132,13.2132859,78.49792479999999,G.Marandahalli,Karnataka,"G.Marandahalli, Karnataka 563132, India"
563133,13.1113096,78.0081221,Sulur,Karnataka,"Sulur, Karnataka 563133, India"
563135,13.336985,78.2248291,Lakshmipura,Karnataka,"Lakshmipura, Karnataka 563135, India"
563136,13.0632133,78.44108949999999,Dasepalli,Karnataka,"Dasepalli, Karnataka 563136, India"
563137,12.9657109,78.04236829999999,Chakanahalli,Karnataka,"Chakanahalli, Karnataka 563137, India"
563138,13.3412318,78.3159411,Yeldur,Karnataka,"Yeldur, Karnataka 563138, India"
563139,12.8731104,77.99670429999999,Suggondahalli,Karnataka,"Suggondahalli, Karnataka 563139, India"
563160,20.593684,78.96288,,,India
563161,13.5296663,78.2134346,Byraganahalli,Karnataka,"Byraganahalli, Karnataka 563161, India"
563162,13.0302033,78.2134346,Nernahalli,Karnataka,"Nernahalli, Karnataka 563162, India"
570001,12.3218623,76.6499348,Mysuru,Karnataka,"Mysuru, Karnataka 570001, India"
570002,12.3319211,76.62683059999999,Mysuru,Karnataka,"Mysuru, Karnataka 570002, India"
570003,12.3696301,76.6528225,Naganahalli,Karnataka,"Naganahalli, Karnataka 570003, India"
570004,12.2994581,76.6499348,Mysuru,Karnataka,"Lakshmipuram, Mysuru, Karnataka 570004, India"
570005,12.3044877,76.63838319999999,Mysuru,Karnataka,"Mysuru, Karnataka 570005, India"
570006,12.314831,76.62105389999999,Mysuru,Karnataka,"Mysuru, Karnataka 570006, India"
570007,12.3339236,76.6672602,Mysuru,Karnataka,"Mysuru, Karnataka 570007, India"
570008,12.220037,76.5719414,Mysuru,Karnataka,"Mysuru, Karnataka 570008, India"
570009,12.303344,76.61527699999999,Mysuru,Karnataka,"Saraswathipuram, Mysuru, Karnataka 570009, India"
570010,12.2313471,76.8028933,Mysuru,Karnataka,"Mysuru, Karnataka 570010, India"
570011,12.306484,76.6788091,Mysuru,Karnataka,"Mysuru, Karnataka 570011, India"
570012,12.3220469,76.62538649999999,Mysuru,Karnataka,"Jayalakshmipuram, Mysuru, Karnataka 570012, India"
570014,12.2944731,76.6340511,Mysuru,Karnataka,"Mysuru, Karnataka 570014, India"
570015,12.3386685,76.6499348,Mysuru,Karnataka,"Mysuru, Karnataka 570015, India"
570016,12.3508111,76.6123884,Mysuru,Karnataka,"Mysuru, Karnataka 570016, India"
570017,12.3307739,76.60372219999999,Mysuru,Karnataka,"Hinkal, Mysuru, Karnataka 570017, India"
570018,12.3405386,76.5748309,Mysuru,Karnataka,"Mysuru, Karnataka 570018, India"
570019,12.3329754,76.70479040000001,Mysuru,Karnataka,"Mysuru, Karnataka 570019, India"
570020,12.338096,76.63838319999999,Mysuru,Karnataka,"Mysuru, Karnataka 570020, India"
570022,12.2921445,76.61527699999999,Mysuru,Karnataka,"Mysuru, Karnataka 570022, India"
570023,12.2871165,76.62683059999999,Mysuru,Karnataka,"Kuvempu Nagara, Mysuru, Karnataka 570023, India"
570026,12.275427,76.5603828,Kergalli,Karnataka,"Kergalli, Karnataka 570026, India"
570028,12.3293607,76.745195,Mysuru,Karnataka,"Mysuru, Karnataka 570028, India"
570029,12.3129394,76.6961305,Mysuru,Karnataka,"Shakthinagar, Mysuru, Karnataka 570029, India"
570030,12.314205,76.60701449999999,Mysuru,Karnataka,"Mysuru, Karnataka 570030, India"
570031,12.2616614,76.6367829,,Karnataka,"Karnataka 570031, India"
571101,12.3703351,76.8951551,Yachenahalli,Karnataka,"Yachenahalli, Karnataka 571101, India"
571102,12.4627598,76.0623979,Bettadapura,Karnataka,"Bettadapura, Karnataka 571102, India"
571104,12.4249286,75.9811564,Bylakuppe,Karnataka,"Bylakuppe, Karnataka 571104, India"
571105,12.3050628,76.2594981,,Karnataka,"Karnataka 571105, India"
571107,12.3732326,76.0623979,Piriyapatna,Karnataka,"Piriyapatna, Karnataka 571107, India"
571108,12.3804253,76.2015572,Arenahalli,Karnataka,"Arenahalli, Karnataka 571108, India"
571109,11.9584925,76.7105632,Kamarahalli,Karnataka,"Kamarahalli, Karnataka 571109, India"
571110,12.2453436,76.860565,Gargeshwari,Karnataka,"Gargeshwari, Karnataka 571110, India"
571111,11.8223802,76.6643728,Bachahalli,Karnataka,"Bachahalli, Karnataka 571111, India"
571119,12.0970373,76.8028933,Alaganchi,Karnataka,"Alaganchi, Karnataka 571119, India"
571120,12.2828607,76.9412601,Somanathapura,Karnataka,"Somanathapura, Karnataka 571120, India"
571122,12.1869592,77.04493269999999,Talakadu,Karnataka,"Talakadu, Karnataka 571122, India"
571124,12.181467,76.9297354,Hiriyuru,Karnataka,"Hiriyuru, Karnataka 571124, India"
571129,12.1524221,76.79135579999999,Biligere,Karnataka,"Biligere, Karnataka 571129, India"
571130,12.3969033,76.5257007,Anandur,Karnataka,"Anandur, Karnataka 571130, India"
571187,12.5393226,76.02758589999999,Halaganahalli,Karnataka,"Halaganahalli, Karnataka 571187, India"
571201,12.398356,75.6906241,Madikeri,Karnataka,"Madikeri, Karnataka 571201, India"
571211,12.2388114,75.841775,Kavadi,Karnataka,"Kavadi, Karnataka 571211, India"
571212,12.1751001,75.6906241,Chelavara,Karnataka,"Chelavara, Karnataka 571212, India"
571216,12.1027291,76.01598,Kanoor,Karnataka,"Kanoor, Karnataka 571216, India"
571218,12.1353646,75.78365889999999,Aimangala,Karnataka,"Aimangala, Karnataka 571218, India"
571231,12.8022204,75.911483,Neerugunda,Karnataka,"Neerugunda, Karnataka 571231, India"
571232,12.5449903,75.92309759999999,Aregallu,Karnataka,"Aregallu, Karnataka 571232, India"
571234,12.4200386,75.8882508,Valnur Thyagathur,Karnataka,"Valnur Thyagathur, Karnataka 571234, India"
571235,12.6794522,75.92309759999999,Shanivarasanthe,Karnataka,"Shanivarasanthe, Karnataka 571235, India"
571236,12.6296231,75.8301537,Doddatholur,Karnataka,"Doddatholur, Karnataka 571236, India"
571237,12.450515,75.8301537,Suntikoppa,Karnataka,"Suntikoppa, Karnataka 571237, India"
571247,12.3647396,75.4810786,Kundacheri,Karnataka,"Kundacheri, Karnataka 571247, India"
571248,12.3716323,75.8185314,Chettalli,Karnataka,"Chettalli, Karnataka 571248, India"
571250,11.9689387,76.01598,Kutta,Karnataka,"Kutta, Karnataka 571250, India"
571251,12.5375408,75.78365889999999,Muvathoklu,Karnataka,"Muvathoklu, Karnataka 571251, India"
571301,12.1162057,76.6788091,,Karnataka,"Karnataka 571301, India"
571302,12.1479466,76.6990172,Thandavapura,Karnataka,"Thandavapura, Karnataka 571302, India"
571311,12.2150895,76.6990172,Devalapura,Karnataka,"Devalapura, Karnataka 571311, India"
571313,11.934293,76.90668289999999,Doddarayapete,Karnataka,"Doddarayapete, Karnataka 571313, India"
571314,12.072973,76.5372625,Katur,Karnataka,"Katur, Karnataka 571314, India"
571316,12.0460713,76.90668289999999,Kuderu,Karnataka,"Kuderu, Karnataka 571316, India"
571342,11.9173405,77.0219019,Ramasamudra,Karnataka,"Ramasamudra, Karnataka 571342, India"
571401,12.5221567,76.9009191,Mandya,Karnataka,"Gandhinagar, Mandya, Karnataka 571401, India"
571402,12.5594826,76.860565,H. Malligere,Karnataka,"H. Malligere, Karnataka 571402, India"
571403,12.5008256,76.9239727,Kabbanahalli,Karnataka,"Kabbanahalli, Karnataka 571403, India"
571404,12.542691,76.9758274,Kannali,Karnataka,"Kannali, Karnataka 571404, India"
571405,12.6009832,76.79135579999999,Dudda,Karnataka,"Dudda, Karnataka 571405, India"
571415,12.4000376,76.8144298,Arakere,Karnataka,"Arakere, Karnataka 571415, India"
571416,12.6802486,76.8028933,Harakadahalli,Karnataka,"Harakadahalli, Karnataka 571416, India"
571418,12.980112,76.7221082,Bellur,Karnataka,"Bellur, Karnataka 571418, India"
571419,12.656263,76.9988669,Maraliga,Karnataka,"Maraliga, Karnataka 571419, India"
571421,12.4307791,77.2175223,Vodeyarabasapura,Karnataka,"Vodeyarabasapura, Karnataka 571421, India"
571422,12.469087,77.0794705,Doddarasinakere,Karnataka,"Doddarasinakere, Karnataka 571422, India"
571423,12.7512975,76.4331698,Kikkeri,Karnataka,"Kikkeri, Karnataka 571423, India"
571424,12.3854742,76.9758274,Mikkere,Karnataka,"Mikkere, Karnataka 571424, India"
571425,12.7321738,76.9412601,Bekkalale,Karnataka,"Bekkalale, Karnataka 571425, India"
571426,12.6661841,76.5257007,Murukanahalli,Karnataka,"Murukanahalli, Karnataka 571426, India"
571428,12.5674278,77.0219019,Maddur,Karnataka,"Maddur, Karnataka 571428, India"
571429,12.6194405,77.0506896,Hanumanthapura,Karnataka,"Hanumanthapura, Karnataka 571429, India"
571430,12.3365613,77.1255055,Malavalli,Karnataka,"Malavalli, Karnataka 571430, India"
571431,12.6732562,76.6643728,Gotakahalli,Karnataka,"Gotakahalli, Karnataka 571431, India"
571432,12.8579614,76.7567368,Bommanayakanahalli,Karnataka,"Bommanayakanahalli, Karnataka 571432, India"
571433,12.6329444,77.0967357,Danakanadoddi,Karnataka,"Danakanadoddi, Karnataka 571433, India"
571434,12.5407803,76.7105632,Hiremarali,Karnataka,"Hiremarali, Karnataka 571434, India"
571435,12.4669603,76.69324379999999,Kadathanalu,Karnataka,"Kadathanalu, Karnataka 571435, India"
571436,12.7584702,76.5719414,Billenahalli,Karnataka,"Billenahalli, Karnataka 571436, India"
571438,12.4215165,76.68169619999999,Rampura,Karnataka,"Rampura, Karnataka 571438, India"
571439,12.0782152,77.355413,Uddanur,Karnataka,"Uddanur, Karnataka 571439, India"
571440,12.0697133,77.17152279999999,Kollegala,Karnataka,"Kollegala, Karnataka 571440, India"
571441,12.0526,77.04493269999999,Yeriyur,Karnataka,"Yeriyur, Karnataka 571441, India"
571443,12.1636155,77.2635038,Doddinduvadi,Karnataka,"Doddinduvadi, Karnataka 571443, India"
571444,11.9011908,77.4013403,Ponnachi,Karnataka,"Ponnachi, Karnataka 571444, India"
571445,12.8176072,76.8490328,Thattahalli,Karnataka,"Thattahalli, Karnataka 571445, India"
571446,12.6292069,76.90668289999999,Hallegere,Karnataka,"Hallegere, Karnataka 571446, India"
571448,12.9492531,76.6701475,Thittanahosahalli,Karnataka,"Thittanahosahalli, Karnataka 571448, India"
571450,12.6090011,76.9527836,Keelara,Karnataka,"Keelara, Karnataka 571450, India"
571463,12.2872885,77.03341790000002,Purigali,Karnataka,"Purigali, Karnataka 571463, India"
571476,12.7260639,77.04493269999999,Huthagere,Karnataka,"Huthagere, Karnataka 571476, India"
571478,12.4542143,76.88939069999999,Gamanahalli,Karnataka,"Gamanahalli, Karnataka 571478, India"
571601,12.5786759,76.3521514,Bherya,Karnataka,"Bherya, Karnataka 571601, India"
571602,12.4453199,76.37530459999999,Basavarajapura,Karnataka,"Basavarajapura, Karnataka 571602, India"
571603,12.5279073,76.34636239999999,Mirle,Karnataka,"Mirle, Karnataka 571603, India"
571604,12.5620626,76.247912,Saligrama,Karnataka,"Saligrama, Karnataka 571604, India"
571605,12.6035043,76.39845369999999,Alambadi Kaval,Karnataka,"Alambadi Kaval, Karnataka 571605, India"
571606,12.3838545,76.6008334,Belagola,Karnataka,"Belagola, Karnataka 571606, India"
571607,12.416326,76.5777203,Hongahalli,Karnataka,"Hongahalli, Karnataka 571607, India"
571617,12.4723976,76.247912,Channamgere,Karnataka,"Channamgere, Karnataka 571617, India"
571802,12.8852172,76.6297189,Bindiganavile,Karnataka,"Bindiganavile, Karnataka 571802, India"
572101,13.3466219,77.0938583,Tumakuru,Karnataka,"Chickpet, Tumakuru, Karnataka 572101, India"
572102,13.3248716,77.11112140000002,Tumakuru,Karnataka,"Tumakuru, Karnataka 572102, India"
572103,13.3314163,77.1283821,Tumakuru,Karnataka,"Mahalaskhmi Nagar, Tumakuru, Karnataka 572103, India"
572104,13.2974227,77.1830243,Mydala,Karnataka,"Mydala, Karnataka 572104, India"
572105,13.3236893,77.0881034,,Karnataka,"Karnataka 572105, India"
572106,13.4309449,77.1370115,Arakere,Karnataka,"Arakere, Karnataka 572106, India"
572107,13.3689698,77.03341790000002,Chikkabellavi,Karnataka,"Chikkabellavi, Karnataka 572107, India"
572111,12.8673181,76.9412601,Halagere,Karnataka,"Halagere, Karnataka 572111, India"
572112,13.6887457,77.0794705,Rangapura,Karnataka,"Rangapura, Karnataka 572112, India"
572114,13.3019204,76.6181655,Panajanahalli,Karnataka,"Panajanahalli, Karnataka 572114, India"
572115,13.6715124,76.7567368,Ajjenahalli,Karnataka,"Ajjenahalli, Karnataka 572115, India"
572116,14.097972,77.0794705,Madde,Karnataka,"Madde, Karnataka 572116, India"
572118,13.2451114,77.04493269999999,Gulur,Karnataka,"Gulur, Karnataka 572118, India"
572119,13.4753005,76.4794435,Belagihalli,Karnataka,"Belagihalli, Karnataka 572119, India"
572123,12.8291532,77.0794705,Bandihalli,Karnataka,"Bandihalli, Karnataka 572123, India"
572124,13.7916734,77.3094674,Garani,Karnataka,"Garani, Karnataka 572124, India"
572125,13.6253207,76.9527836,Kallembella,Karnataka,"Kallembella, Karnataka 572125, India"
572126,12.9193474,77.0794705,Kadarapura,Karnataka,"Kadarapura, Karnataka 572126, India"
572127,13.7509721,77.4013403,Singanahalli,Karnataka,"Singanahalli, Karnataka 572127, India"
572129,13.4714447,77.2635038,Koratagere,Karnataka,"Koratagere, Karnataka 572129, India"
572130,13.00729,77.03341790000002,Kunigal,Karnataka,"Kunigal, Karnataka 572130, India"
572132,13.693584,77.17152279999999,Madhugiri,Karnataka,"Madhugiri, Karnataka 572132, India"
572133,13.8323233,77.2175223,Channamallanahalli,Karnataka,"Channamallanahalli, Karnataka 572133, India"
572135,13.9059975,76.8951551,Bevinahalli,Karnataka,"Bevinahalli, Karnataka 572135, India"
572136,14.2015092,77.3094674,Bettadakelaginahalli,Karnataka,"Bettadakelaginahalli, Karnataka 572136, India"
572137,13.7243319,76.8951551,Channanakunte,Karnataka,"Channanakunte, Karnataka 572137, India"
572139,13.8101354,76.8028933,Hosur,Karnataka,"Hosur, Karnataka 572139, India"
572140,13.335477,77.2635038,Urdigere,Karnataka,"Urdigere, Karnataka 572140, India"
572142,12.9670237,76.90668289999999,Koppa,Karnataka,"Koppa, Karnataka 572142, India"
572168,13.2783484,77.19739969999999,,Karnataka,"Karnataka 572168, India"
572175,13.6553429,77.3094674,Aralimaradahalli,Karnataka,"Aralimaradahalli, Karnataka 572175, India"
572201,13.2518101,76.5257007,Bennenahalli,Karnataka,"Bennenahalli, Karnataka 572201, India"
572213,13.1250075,76.90668289999999,Horakere,Karnataka,"Horakere, Karnataka 572213, India"
572214,13.3972737,76.7105632,Honnebagi,Karnataka,"Honnebagi, Karnataka 572214, India"
572215,13.2045443,76.6990172,Sarigehalli Amanikere,Karnataka,"Sarigehalli Amanikere, Karnataka 572215, India"
572216,13.330837,76.9527836,Gubbi,Karnataka,"Gubbi, Karnataka 572216, India"
572218,13.6614556,76.5719414,Huliyar,Karnataka,"Huliyar, Karnataka 572218, India"
572220,13.1879947,76.8144298,Benkana Gondi,Karnataka,"Benkana Gondi, Karnataka 572220, India"
572221,13.0833987,76.7567368,Mayasandra,Karnataka,"Mayasandra, Karnataka 572221, India"
572222,13.4902573,76.7567368,Galigekere,Karnataka,"Galigekere, Karnataka 572222, India"
572223,13.3260255,76.860565,Hesarahalli,Karnataka,"Hesarahalli, Karnataka 572223, India"
572225,13.2545738,76.79135579999999,Athikatte,Karnataka,"Athikatte, Karnataka 572225, India"
572227,13.123713,76.6643728,Dabbeghatta,Karnataka,"Dabbeghatta, Karnataka 572227, India"
573101,13.0760447,75.78365889999999,Gurgihalli,Karnataka,"Gurgihalli, Karnataka 573101, India"
573102,12.7411388,76.02758589999999,Santhemarur,Karnataka,"Santhemarur, Karnataka 573102, India"
573103,13.3270658,76.247912,Kallanaikanahalli,Karnataka,"Kallanaikanahalli, Karnataka 573103, India"
573111,13.0614682,76.3405733,Bagur,Karnataka,"Bagur, Karnataka 573111, India"
573112,13.4016051,76.16678069999999,Basavanahalli,Karnataka,"Basavanahalli, Karnataka 573112, India"
573115,13.1686469,75.8301537,Balaguppe,Karnataka,"Balaguppe, Karnataka 573115, India"
573116,12.9312548,76.4331698,Somalapura,Karnataka,"Somalapura, Karnataka 573116, India"
573117,13.4809092,76.37530459999999,Madalu,Karnataka,"Madalu, Karnataka 573117, India"
573119,13.1967259,76.3405733,Yadavanahalli,Karnataka,"Yadavanahalli, Karnataka 573119, India"
573121,13.2333839,75.9811564,Somshettihalli,Karnataka,"Somshettihalli, Karnataka 573121, India"
573124,12.9503867,76.583499,Hirisave,Karnataka,"Hirisave, Karnataka 573124, India"
573125,13.2836274,76.07399989999999,Mosale,Karnataka,"Mosale, Karnataka 573125, India"
573127,12.9755274,75.795284,Udayavara,Karnataka,"Udayavara, Karnataka 573127, India"
573128,12.8996109,76.0507949,Shankaranahalli,Karnataka,"Shankaranahalli, Karnataka 573128, India"
573129,12.8483861,75.9347113,Karagodu,Karnataka,"Karagodu, Karnataka 573129, India"
573130,12.6395685,76.01598,Sabbathi,Karnataka,"Sabbathi, Karnataka 573130, India"
573131,13.0237853,76.4794435,Nuggehalli,Karnataka,"Nuggehalli, Karnataka 573131, India"
573133,12.6326603,76.097201,Kotavalu,Karnataka,"Kotavalu, Karnataka 573133, India"
573134,12.8936951,75.737149,Kyanahalli,Karnataka,"Kyanahalli, Karnataka 573134, India"
573135,12.8330099,76.4910093,Kantharajapura,Karnataka,"Kantharajapura, Karnataka 573135, India"
573137,12.7641426,75.8301537,Saragahalli,Karnataka,"Saragahalli, Karnataka 573137, India"
573142,12.6987315,76.07399989999999,Doddamagge,Karnataka,"Doddamagge, Karnataka 573142, India"
573201,12.9986416,76.1145993,Uddur,Karnataka,"Uddur, Karnataka 573201, India"
573202,13.0317677,76.1030007,Hassan,Karnataka,"Indra Nagara, Hassan, Karnataka 573202, India"
573210,12.6648391,76.2826675,Nagaranahalli,Karnataka,"Nagaranahalli, Karnataka 573210, India"
573211,12.7865398,76.247912,Holenarasipur,Karnataka,"Holenarasipur, Karnataka 573211, India"
573212,12.9164761,76.1551866,Kittane,Karnataka,"Kittane, Karnataka 573212, India"
573213,13.0069732,75.9579358,Taluru,Karnataka,"Taluru, Karnataka 573213, India"
573214,12.9369818,75.911483,Abbana,Karnataka,"Abbana, Karnataka 573214, India"
573219,13.1390388,76.1088001,Nittur,Karnataka,"Nittur, Karnataka 573219, India"
574106,13.2243852,74.7629661,Padu,Karnataka,"Padu, Karnataka 574106, India"
574202,12.7449962,75.2829046,Sarve,Karnataka,"Sarve, Karnataka 574202, India"
574213,13.1097535,75.0026972,,Karnataka,"Karnataka 574213, India"
574214,13.0945249,75.3178952,Malavanthige,Karnataka,"Malavanthige, Karnataka 574214, India"
574227,13.0607489,74.9325683,,Karnataka,"Karnataka 574227, India"
574239,12.5475926,75.35287790000001,,Karnataka,"Karnataka 574239, India"
575001,12.8563032,74.83609179999999,Mangaluru,Karnataka,"Mangaluru, Karnataka 575001, India"
575004,12.8853029,74.8536372,Mangaluru,Karnataka,"Mangaluru, Karnataka 575004, India"
575005,12.8820527,74.8697188,Mangaluru,Karnataka,"Mangaluru, Karnataka 575005, India"
575015,12.9274414,74.8565613,Mangaluru,Karnataka,"Mangaluru, Karnataka 575015, India"
576101,13.3239534,74.7395591,Udupi,Karnataka,"Chitpady, Udupi, Karnataka 576101, India"
576104,13.349271,74.7863698,Manipal,Karnataka,"Manipal, Karnataka 576104, India"
576220,13.8616575,74.7922202,,Karnataka,"Karnataka 576220, India"
576223,13.5042145,74.8390162,Mandarthi,Karnataka,"Mandarthi, Karnataka 576223, India"
576235,13.7032736,74.6927354,Kelakali,Karnataka,"Kelakali, Karnataka 576235, India"
577001,14.470729,75.9405178,,Karnataka,"Karnataka 577001, India"
577002,14.4036228,75.8650148,,Karnataka,"Karnataka 577002, India"
577003,14.4486874,75.95213,Narasipura,Karnataka,"Narasipura, Karnataka 577003, India"
577004,14.4338008,75.8940592,Devarabelakere,Karnataka,"Devarabelakere, Karnataka 577004, India"
577005,14.4382271,75.920194,Davanagere,Karnataka,"Swami Vivekananda Badavane, Davanagere, Karnataka 577005, India"
577006,14.4792806,75.8940592,Davanagere,Karnataka,"Davanagere, Karnataka 577006, India"
577101,13.3329737,75.7487779,Chikkamagaluru,Karnataka,"Chikkamagaluru, Karnataka 577101, India"
577102,13.33562,75.795284,Marle,Karnataka,"Marle, Karnataka 577102, India"
577111,13.2058001,75.6906241,HanDi,Karnataka,"HanDi, Karnataka 577111, India"
577116,13.6410123,76.0043731,Birur,Karnataka,"Birur, Karnataka 577116, India"
577120,13.5058105,75.2362381,Hariharapura,Karnataka,"Hariharapura, Karnataka 577120, India"
577126,13.5021874,75.36453689999999,Koppa,Karnataka,"Koppa, Karnataka 577126, India"
577130,13.3740531,75.6789905,Channagondanahalli,Karnataka,"Channagondanahalli, Karnataka 577130, India"
577132,13.1131778,75.6440842,Muthigepura,Karnataka,"Muthigepura, Karnataka 577132, India"
577133,13.2428657,75.7487779,Biggadevanahalli,Karnataka,"Biggadevanahalli, Karnataka 577133, India"
577134,13.6458017,75.50437610000002,Balekoppa,Karnataka,"Balekoppa, Karnataka 577134, India"
577135,13.4549952,75.911483,Shankunipura,Karnataka,"Shankunipura, Karnataka 577135, India"
577139,13.3587876,75.2245693,Menase,Karnataka,"Menase, Karnataka 577139, India"
577182,13.5662453,76.2826675,G.Bommenahalli,Karnataka,"G.Bommenahalli, Karnataka 577182, India"
577201,13.9384857,75.5800678,,Karnataka,"Karnataka 577201, India"
577202,13.8625187,75.5393155,Veera Pura,Karnataka,"Veera Pura, Karnataka 577202, India"
577203,13.8706143,75.5800678,Kadekal,Karnataka,"Kadekal, Karnataka 577203, India"
577204,13.9756338,75.5393155,Basavana Ganguru,Karnataka,"Basavana Ganguru, Karnataka 577204, India"
577205,13.9222612,75.4985521,,Karnataka,"Karnataka 577205, India"
577211,13.9565447,75.41116439999999,Ayanur,Karnataka,"Ayanur, Karnataka 577211, India"
577213,13.9391414,75.8766333,Shivpuradal,Karnataka,"Shivpuradal, Karnataka 577213, India"
577217,14.2390189,75.6432525,Holeharalahalli,Karnataka,"Holeharalahalli, Karnataka 577217, India"
577218,14.1516544,75.9002608,Mallapura,Karnataka,"Mallapura, Karnataka 577218, India"
577223,14.158241,75.5626039,Nyamathi,Karnataka,"Nyamathi, Karnataka 577223, India"
577228,13.7128063,75.8766333,Bettadahalli,Karnataka,"Bettadahalli, Karnataka 577228, India"
577229,13.8708576,75.6789905,Padmenahalli,Karnataka,"Padmenahalli, Karnataka 577229, India"
577230,14.1366259,75.6731734,Govinakovi,Karnataka,"Govinakovi, Karnataka 577230, India"
577233,13.9429078,75.7487779,Arakere,Karnataka,"Arakere, Karnataka 577233, India"
577245,13.8071157,75.7487779,Balemaranahalli,Karnataka,"Balemaranahalli, Karnataka 577245, India"
577301,13.8736178,75.7255192,Devarahalli,Karnataka,"Devarahalli, Karnataka 577301, India"
577401,14.1113523,74.9910112,Kambalikoppa,Karnataka,"Kambalikoppa, Karnataka 577401, India"
577418,13.9364229,75.0844757,Hosanagar,Karnataka,"Hosanagar, Karnataka 577418, India"
577427,14.273587,75.41116439999999,Shikaripur,Karnataka,"Shikaripur, Karnataka 577427, India"
577428,14.4038173,75.3178952,Thadasanahalli,Karnataka,"Thadasanahalli, Karnataka 577428, India"
577429,14.4071218,75.0143824,Gudavi,Karnataka,"Gudavi, Karnataka 577429, India"
577432,13.6424466,75.2595731,Basavani,Karnataka,"Basavani, Karnataka 577432, India"
577434,14.2560106,75.1311874,Ulavi,Karnataka,"Ulavi, Karnataka 577434, India"
577501,14.2138373,76.40424039999999,Sevapura,Karnataka,"Sevapura, Karnataka 577501, India"
577502,14.2867556,76.3868797,Chikkappanahalli,Karnataka,"Chikkappanahalli, Karnataka 577502, India"
577511,13.8839134,76.6990172,Kariyala,Karnataka,"Kariyala, Karnataka 577511, India"
577512,14.4951508,76.0623979,Mallekatte,Karnataka,"Mallekatte, Karnataka 577512, India"
577513,14.5945912,76.2015572,Asagodu,Karnataka,"Asagodu, Karnataka 577513, India"
577518,14.1916506,76.1203982,B Durga,Karnataka,"B Durga, Karnataka 577518, India"
577520,14.1997797,76.2594981,Bheemasamudra,Karnataka,"Bheemasamudra, Karnataka 577520, India"
577522,14.2142019,76.7105632,Somaguddu,Karnataka,"Somaguddu, Karnataka 577522, India"
577523,14.1008235,76.1203982,Kadur,Karnataka,"Kadur, Karnataka 577523, India"
577526,14.003409,76.2015572,Holalkere,Karnataka,"Holalkere, Karnataka 577526, India"
577527,13.8512643,76.317414,Honnenahalli,Karnataka,"Honnenahalli, Karnataka 577527, India"
577528,14.5787075,76.317414,Malemachikere,Karnataka,"Malemachikere, Karnataka 577528, India"
577529,14.5762076,76.6643728,Kondlahalli,Karnataka,"Kondlahalli, Karnataka 577529, India"
577530,14.3390466,75.737149,Malebennur,Karnataka,"Malebennur, Karnataka 577530, India"
577532,14.1608742,76.5719414,Sondekere,Karnataka,"Sondekere, Karnataka 577532, India"
577533,13.7470013,76.4794435,Mathodu,Karnataka,"Mathodu, Karnataka 577533, India"
577534,14.3025194,76.07399989999999,Mayakonda,Karnataka,"Mayakonda, Karnataka 577534, India"
577535,14.7158586,76.7105632,Adavimallapura,Karnataka,"Adavimallapura, Karnataka 577535, India"
577538,14.2460063,76.8720961,Parasurampura,Karnataka,"Parasurampura, Karnataka 577538, India"
577542,13.6179289,76.39845369999999,Heggere,Karnataka,"Heggere, Karnataka 577542, India"
577545,14.0403739,76.6528225,Yaraballi,Karnataka,"Yaraballi, Karnataka 577545, India"
577548,13.4947822,76.01598,Kadur,Karnataka,"Kadur, Karnataka 577548, India"
577550,13.7235009,76.0623979,Chikkanalluru,Karnataka,"Chikkanalluru, Karnataka 577550, India"
577552,14.1741431,76.01598,Thopenahalli,Karnataka,"Thopenahalli, Karnataka 577552, India"
577557,14.0140244,76.3868797,Kenchihalli,Karnataka,"Kenchihalli, Karnataka 577557, India"
577558,14.0673239,76.5257007,Adiralu,Karnataka,"Adiralu, Karnataka 577558, India"
577566,14.4757393,75.8359645,Doddabathi,Karnataka,"Doddabathi, Karnataka 577566, India"
577597,13.6580498,76.30583279999999,Kabbala,Karnataka,"Kabbala, Karnataka 577597, India"
577598,13.8454033,76.6181655,Alur,Karnataka,"Alur, Karnataka 577598, India"
577599,13.9790502,76.5719414,Metikurke,Karnataka,"Metikurke, Karnataka 577599, India"
577601,14.4903031,75.795284,Haraganahalli,Karnataka,"Haraganahalli, Karnataka 577601, India"
580001,15.459347,75.0202247,,Karnataka,"Karnataka 580001, India"
580002,15.427372,75.0114612,Dharwad,Karnataka,"Dharwad, Karnataka 580002, India"
580008,15.4691482,74.9968543,Dharwad,Karnataka,"Narayanpura, Dharwad, Karnataka 580008, India"
580009,15.3986044,75.0494329,Suthgatti Village,Karnataka,"Suthgatti Village, Karnataka 580009, India"
580020,15.3460627,75.1574567,Hubballi,Karnataka,"Hubballi, Karnataka 580020, India"
580023,15.3990931,75.2245693,Sulla,Karnataka,"Sulla, Karnataka 580023, India"
580024,15.2893253,75.11951069999999,Katnur,Karnataka,"Katnur, Karnataka 580024, India"
580025,15.3956912,75.0903154,Gamangatti Village,Karnataka,"Gamangatti Village, Karnataka 580025, India"
580028,15.2529602,75.1720488,Hubballi,Karnataka,"Bidnal, Hubballi, Karnataka 580028, India"
580030,15.3649176,75.0990746,Hubballi,Karnataka,"Hubballi, Karnataka 580030, India"
580031,15.374465,75.1136721,Hubballi,Karnataka,"Lingarajnagar South, Hubballi, Karnataka 580031, India"
580032,15.4049715,75.14286320000001,,Karnataka,"Karnataka 580032, India"
581101,14.7960702,75.2362381,Adur,Karnataka,"Adur, Karnataka 581101, India"
581104,14.7066225,75.0844757,Gadiyankanahalli,Karnataka,"Gadiyankanahalli, Karnataka 581104, India"
581106,14.6397719,75.45777749999999,Motebennur,Karnataka,"Motebennur, Karnataka 581106, India"
581110,14.7732552,75.41116439999999,Haveri,Karnataka,"Haveri, Karnataka 581110, India"
581111,14.4444647,75.42281899999999,Somanahalli,Karnataka,"Somanahalli, Karnataka 581111, India"
581115,14.6485948,75.5975296,Kunabev,Karnataka,"Kunabev, Karnataka 581115, India"
581116,14.418415,75.55096019999999,Rattihalli,Karnataka,"Rattihalli, Karnataka 581116, India"
581123,14.5087478,75.7255192,Makanur,Karnataka,"Makanur, Karnataka 581123, India"
581203,14.8793929,75.11951069999999,Hullatti,Karnataka,"Hullatti, Karnataka 581203, India"
581304,14.8313267,74.1430807,,Karnataka,"Karnataka 581304, India"
581320,13.965452,74.5639037,,Karnataka,"Karnataka 581320, India"
581325,15.2572207,74.651754,Alur,Karnataka,"Alur, Karnataka 581325, India"
581329,15.27916,74.8039205,Kyatangera,Karnataka,"Kyatangera, Karnataka 581329, India"
581334,14.3228623,74.505312,Mugwa,Karnataka,"Mugwa, Karnataka 581334, India"
581350,14.1300816,74.49359129999999,,Karnataka,"Karnataka 581350, India"
581352,14.8629649,74.12986839999999,,Karnataka,"Karnataka 581352, India"
581362,14.429102,74.48773059999999,Madki Bail,Karnataka,"Madki Bail, Karnataka 581362, India"
581401,14.6276607,74.8331674,,Karnataka,"Karnataka 581401, India"
581402,14.724479,74.8390162,Sadashivalli,Karnataka,"Sadashivalli, Karnataka 581402, India"
581403,14.643907,74.651754,Devanahalli,Karnataka,"Devanahalli, Karnataka 581403, India"
581421,14.0947994,74.5580454,Hudil,Karnataka,"Hudil, Karnataka 581421, India"
581453,15.4316377,74.3822058,Konshet,Karnataka,"Konshet, Karnataka 581453, India"
582101,15.4293077,75.63535639999999,Gadag-Betigeri,Karnataka,"Gangapurpet, Gadag-Betigeri, Karnataka 582101, India"
582102,15.5185075,75.6440842,Kanaginahal,Karnataka,"Kanaginahal, Karnataka 582102, India"
582201,15.4573089,75.41116439999999,Annigeri,Karnataka,"Annigeri, Karnataka 582201, India"
582203,15.7794604,75.6091696,Asuti,Karnataka,"Asuti, Karnataka 582203, India"
582205,15.4071547,75.5160235,Kurtakoti,Karnataka,"Kurtakoti, Karnataka 582205, India"
582207,15.73174,75.41116439999999,Peth,Karnataka,"Peth, Karnataka 582207, India"
583101,15.1243283,76.94702199999999,Ballari,Karnataka,"APMC, Ballari, Karnataka 583101, India"
583102,15.0926513,76.8951551,Bobbukunta,Karnataka,"Bobbukunta, Karnataka 583102, India"
583103,15.1991737,76.9527836,Kappagal,Karnataka,"Kappagal, Karnataka 583103, India"
583104,15.1479216,76.90956469999999,Ballari,Karnataka,"Ballari, Karnataka 583104, India"
583113,15.4026489,76.7105632,Muddapura No.2,Karnataka,"Muddapura No.2, Karnataka 583113, India"
583116,15.3191919,76.8490328,Singadevanahalli,Karnataka,"Singadevanahalli, Karnataka 583116, India"
583121,15.6462472,76.9412601,Bagawady,Karnataka,"Bagawady, Karnataka 583121, India"
583123,15.178611,76.606611,Vaddu,Karnataka,"Vaddu, Karnataka 583123, India"
583124,15.0221913,76.4794435,Yeshwantnagar,Karnataka,"Yeshwantnagar, Karnataka 583124, India"
583126,14.705057,76.5257007,Chikkajogihalli,Karnataka,"Chikkajogihalli, Karnataka 583126, India"
583131,14.8084117,75.96954649999999,Harapanahalli,Karnataka,"Harapanahalli, Karnataka 583131, India"
583132,15.3605333,76.583499,Kampli,Karnataka,"Kampli, Karnataka 583132, India"
583134,14.8226209,76.2015572,Motikal Tanda,Karnataka,"Motikal Tanda, Karnataka 583134, India"
583152,15.1996795,76.7192221,,Karnataka,"Karnataka 583152, India"
583201,15.2743791,76.3926668,Hosapete,Karnataka,"JP Nagar, Hosapete, Karnataka 583201, India"
583203,15.2400313,76.3926668,,Karnataka,"Karnataka 583203, India"
583212,15.0295677,76.2247366,Hansi,Karnataka,"Hansi, Karnataka 583212, India"
583218,14.6539638,76.4331698,Hosahalli,Karnataka,"Hosahalli, Karnataka 583218, India"
583219,14.9880208,75.92309759999999,Sogi,Karnataka,"Sogi, Karnataka 583219, India"
583223,15.2080766,76.5257007,Kakubal,Karnataka,"Kakubal, Karnataka 583223, India"
583227,15.4264957,76.5372625,Mallapur,Karnataka,"Mallapur, Karnataka 583227, India"
583229,15.6265463,76.6181655,Bevinal,Karnataka,"Bevinal, Karnataka 583229, India"
583231,15.3515585,76.1609838,Koppal,Karnataka,"Koppal, Karnataka 583231, India"
583233,15.278502,76.3203091,,Karnataka,"Karnataka 583233, India"
583236,15.5885562,76.01598,Karmudi,Karnataka,"Karmudi, Karnataka 583236, India"
583237,15.6004401,76.2015572,Nilogal,Karnataka,"Nilogal, Karnataka 583237, India"
583239,15.3115826,76.4389549,Hampi,Karnataka,"Hampi, Karnataka 583239, India"
583275,15.1760063,76.6585978,Bellary[R],Karnataka,"Vakkareni Camp, Bellary[R], Karnataka 583275, India"
583277,15.7380842,76.2015572,Hirebannigol,Karnataka,"Hirebannigol, Karnataka 583277, India"
583283,15.566263,76.3868797,Gouripur,Karnataka,"Gouripur, Karnataka 583283, India"
584101,16.1712513,77.3381855,,Karnataka,"Karnataka 584101, India"
584102,16.1835512,77.4472495,Wadwati,Karnataka,"Wadwati, Karnataka 584102, India"
584103,16.1685778,77.3898602,Arlibenchi,Karnataka,"Arlibenchi, Karnataka 584103, India"
584111,16.42967,76.9412601,Arakera,Karnataka,"Arakera, Karnataka 584111, India"
584116,16.3286248,76.8028933,Jalahalli,Karnataka,"Jalahalli, Karnataka 584116, India"
584122,16.0805885,76.5257007,Lingsugur,Karnataka,"Lingsugur, Karnataka 584122, India"
584123,15.9740641,77.03341790000002,Korvi,Karnataka,"Korvi, Karnataka 584123, India"
584124,15.9454557,76.5719414,Maski,Karnataka,"Maski, Karnataka 584124, India"
584126,16.3892607,77.03341790000002,Chickbudur,Karnataka,"Chickbudur, Karnataka 584126, India"
584128,15.7701248,76.7105632,Pagadadinni,Karnataka,"Pagadadinni, Karnataka 584128, India"
584129,16.1527919,76.9412601,Heera,Karnataka,"Heera, Karnataka 584129, India"
584132,15.761517,76.5719414,Turvihal,Karnataka,"Turvihal, Karnataka 584132, India"
584134,16.3110607,77.2635038,Jegarkal,Karnataka,"Jegarkal, Karnataka 584134, India"
584143,15.8734997,76.8951551,Jawalagera,Karnataka,"Jawalagera, Karnataka 584143, India"
585101,17.3530303,76.8201976,,Karnataka,"Karnataka 585101, India"
585102,17.3088971,76.9412601,Sannur,Karnataka,"Sannur, Karnataka 585102, India"
585103,17.3429962,76.7567368,Sindagi,Karnataka,"Sindagi, Karnataka 585103, India"
585104,17.4388057,76.8028933,Taj Sultanpur,Karnataka,"Taj Sultanpur, Karnataka 585104, India"
585105,17.3267543,76.8389413,,Karnataka,"Karnataka 585105, India"
585201,16.771767,77.142764,,Karnataka,"Karnataka 585201, India"
585202,16.7186177,77.1255055,Gulsaram,Karnataka,"Gulsaram, Karnataka 585202, India"
585212,17.1390985,76.4794435,Tellur,Karnataka,"Tellur, Karnataka 585212, India"
585213,17.3336686,76.6181655,Hunsihadgil,Karnataka,"Hunsihadgil, Karnataka 585213, India"
585216,16.6338045,76.5257007,Kembhavi,Karnataka,"Kembhavi, Karnataka 585216, India"
585217,17.3050461,76.2015572,Mashal,Karnataka,"Mashal, Karnataka 585217, India"
585221,16.5884336,77.2635038,Kadechur,Karnataka,"Kadechur, Karnataka 585221, India"
585222,17.0979071,77.2635038,Injepalli,Karnataka,"Injepalli, Karnataka 585222, India"
585223,16.7531797,76.9412601,Shahapur,Karnataka,"Shahapur, Karnataka 585223, India"
585224,16.5475208,76.6181655,Shalgi,Karnataka,"Shalgi, Karnataka 585224, India"
585225,17.0338557,76.9873477,Wadi,Karnataka,"Wadi, Karnataka 585225, India"
585228,17.0741751,76.8951551,Malgatti,Karnataka,"Malgatti, Karnataka 585228, India"
585229,20.593684,78.96288,,,India
585236,17.4136732,76.4331698,Nimbal,Karnataka,"Nimbal, Karnataka 585236, India"
585290,16.4582042,76.6643728,Devapur,Karnataka,"Devapur, Karnataka 585290, India"
585301,17.2500511,76.4100267,Badadal,Karnataka,"Badadal, Karnataka 585301, India"
585312,17.3209511,77.1255055,Korwar,Karnataka,"Korwar, Karnataka 585312, India"
585316,17.5594141,76.8720961,Mudadga,Karnataka,"Mudadga, Karnataka 585316, India"
585319,16.7127982,77.03341790000002,Naikal,Karnataka,"Naikal, Karnataka 585319, India"
585325,16.8678286,76.5719414,Yalgod,Karnataka,"Yalgod, Karnataka 585325, India"
585327,17.915498,76.9873477,Janapur,Karnataka,"Janapur, Karnataka 585327, India"
585330,17.7481713,77.09098089999999,Kallur,Karnataka,"Kallur, Karnataka 585330, India"
585353,17.819417,77.1139984,Gadwanti,Karnataka,"Gadwanti, Karnataka 585353, India"
585401,17.9218144,77.5218127,Hamilapur,Karnataka,"Hamilapur, Karnataka 585401, India"
586101,16.8290987,75.7109806,Vijayapura,Karnataka,"Vijayapura, Karnataka 586101, India"
586103,16.8659289,75.70225669999999,,Karnataka,"Karnataka 586103, India"
586113,16.6561763,75.50437610000002,Babaleshwar,Karnataka,"Babaleshwar, Karnataka 586113, India"
586206,17.0834086,76.3405733,Bommanahalli,Karnataka,"Bommanahalli, Karnataka 586206, India"
586212,16.3848937,76.247912,Kuntoji,Karnataka,"Kuntoji, Karnataka 586212, India"
586213,16.4122978,75.96954649999999,Nidgundi,Karnataka,"Nidgundi, Karnataka 586213, India"
587101,16.1810588,75.6964405,,Karnataka,"Karnataka 587101, India"
587102,16.2184668,75.6557206,,Karnataka,"Karnataka 587102, India"
587103,16.1495741,75.6557206,Durgadevinagar,Karnataka,"Durgadevinagar, Karnataka 587103, India"
587116,16.3408084,75.5975296,Arakeri,Karnataka,"Arakeri, Karnataka 587116, India"
587121,16.3614306,75.3995089,Mantur,Karnataka,"Mantur, Karnataka 587121, India"
587125,16.0596714,76.2015572,Kesarabhavi,Karnataka,"Kesarabhavi, Karnataka 587125, India"
587201,15.9094349,75.667356,Adagal,Karnataka,"Adagal, Karnataka 587201, India"
587301,16.5329169,75.3878525,Jamkhandi,Karnataka,"Jamkhandi, Karnataka 587301, India"
587312,16.3857351,75.0961549,Mahalingpur,Karnataka,"Mahalingpur, Karnataka 587312, India"
587313,16.272038,75.27123929999999,Shirol,Karnataka,"Shirol, Karnataka 587313, India"
590001,15.8596329,74.508242,Belagavi,Karnataka,"Belagavi, Karnataka 590001, India"
590003,15.8418306,74.5184968,Belagavi,Karnataka,"Belagavi, Karnataka 590003, India"
590006,15.8328845,74.49359129999999,,Karnataka,"Karnataka 590006, India"
590010,15.9039416,74.528751,Alatage,Karnataka,"Alatage, Karnataka 590010, India"
590016,15.8582723,74.528751,Aste,Karnataka,"Aste, Karnataka 590016, India"
590017,15.8841733,74.5316807,,Karnataka,"Karnataka 590017, India"
591102,15.7843211,74.8507131,Bailhongal,Karnataka,"Bailhongal, Karnataka 591102, India"
591130,16.0885718,75.27123929999999,Panchagaon,Karnataka,"Panchagaon, Karnataka 591130, India"
591222,16.3619003,74.7688173,Mantur,Karnataka,"Mantur, Karnataka 591222, India"
591248,16.7740652,75.2245693,Aigali,Karnataka,"Aigali, Karnataka 591248, India"
591312,16.3437365,74.9910112,Gurlapur,Karnataka,"Gurlapur, Karnataka 591312, India"
591317,16.467636,74.8039205,Byakud,Karnataka,"Byakud, Karnataka 591317, India"
600004,13.0368548,80.2676463,Chennai,Tamil Nadu,"Chennai, Tamil Nadu 600004, India"
600010,13.0840155,80.2418881,Chennai,Tamil Nadu,"F-21, Prince, tower 1st floor, 114, Purasaivakkam High Rd, opp to Abirami Mega Mall, Davidpuram, Kilpauk, Chennai, Tamil Nadu 600010, India"
600014,13.0534675,80.2694777,Chennai,Tamil Nadu,"Chennai, Tamil Nadu 600014, India"
600017,13.0412658,80.2338514,Chennai,Tamil Nadu,"Chennai, Tamil Nadu 600017, India"
600024,13.0531863,80.22306499999999,Chennai,Tamil Nadu,"Chennai, Tamil Nadu 600024, India"
600033,13.0350433,80.22172669999999,Chennai,Tamil Nadu,"Lake View Rd, West Mambalam, Chennai, Tamil Nadu 600033, India"
600041,12.9578728,80.2576546,Chennai,Tamil Nadu,"Door no, 9, MGR Salai, Kandhanchavadi, Palavakkam, Chennai, Tamil Nadu 600041, India"
600042,12.9755397,80.22064379999999,Chennai,Tamil Nadu,"Chennai, Tamil Nadu 600042, India"
600044,12.9610983,80.137236,Chennai,Tamil Nadu,"Chennai, Tamil Nadu 600044, India"
600064,12.9360621,80.1517272,Chennai,Tamil Nadu,"Chennai, Tamil Nadu 600064, India"
600078,13.0410254,80.2000596,Chennai,Tamil Nadu,"Chennai, Tamil Nadu 600078, India"
600091,12.9617233,80.19937159999999,Chennai,Tamil Nadu,"Chennai, Tamil Nadu 600091, India"
600094,13.0635202,80.2234146,Chennai,Tamil Nadu,"Chennai, Tamil Nadu 600094, India"
600100,12.9171412,80.1940972,Chennai,Tamil Nadu,"Chennai, Tamil Nadu 600100, India"
600122,13.0210902,80.12670240000001,Chennai,Tamil Nadu,"Chennai, Tamil Nadu 600122, India"
600126,12.9039441,80.14567129999999,Chennai,Tamil Nadu,"Chennai, Tamil Nadu 600126, India"
602026,13.3083607,79.9304633,Mambakkam,Tamil Nadu,"Mambakkam, Tamil Nadu 602026, India"
605008,11.9601971,79.8128649,,,"605008, India"
605401,11.8801994,79.47601329999999,Kandamanadi,Tamil Nadu,"Kandamanadi, Tamil Nadu 605401, India"
605701,12.0367881,79.30148450000002,Kandachipuram,Tamil Nadu,"Kandachipuram, Tamil Nadu 605701, India"
605757,11.9599213,79.20563609999999,,Tamil Nadu,"Tamil Nadu 605757, India"
606205,11.8480853,79.0758037,Pasar,Tamil Nadu,"Pasar, Tamil Nadu 606205, India"
606710,12.3757476,78.7589558,Kuppanatham,Tamil Nadu,"Kuppanatham, Tamil Nadu 606710, India"
606803,12.5153274,79.1322744,Polur,Tamil Nadu,"Polur, Tamil Nadu 606803, India"
613007,10.7604408,79.12662879999999,Thanjavur,Tamil Nadu,"Thanjavur, Tamil Nadu 613007, India"
620001,10.797197,78.6824194,Tiruchirappalli,Tamil Nadu,"Tiruchirappalli, Tamil Nadu 620001, India"
620002,10.8255859,78.6994326,Tiruchirappalli,Tamil Nadu,"Melachinthamani, Tiruchirappalli, Tamil Nadu 620002, India"
620017,10.8134341,78.6710756,Tiruchirappalli,Tamil Nadu,"Kumaran Nagar, Tiruchirappalli, Tamil Nadu 620017, India"
624403,10.4134073,78.25900539999999,Sendurai,Tamil Nadu,"Sendurai, Tamil Nadu 624403, India"
624601,10.4569436,77.5218127,Palani,Tamil Nadu,"Indra Nagar, Palani, Tamil Nadu 624601, India"
625001,9.915706199999999,78.1193823,Madurai,Tamil Nadu,"Madurai, Tamil Nadu 625001, India"
625021,9.914665600000001,78.0138306,Thenpalanji,Tamil Nadu,"Thenpalanji, Tamil Nadu 625021, India"
625530,9.8927224,77.27499639999999,Thevaram,Tamil Nadu,"Thevaram, Tamil Nadu 625530, India"
625534,9.9435044,77.4587239,Kottur,Tamil Nadu,"Kottur, Tamil Nadu 625534, India"
626001,9.5898608,77.96244349999999,Virudhunagar,Tamil Nadu,"Virudhunagar, Tamil Nadu 626001, India"
627415,8.8521505,77.3668965,Vengadampatti,Tamil Nadu,"Vengadampatti, Tamil Nadu 627415, India"
629802,8.210072,77.30372299999999,Neyyoor,Tamil Nadu,"Neyyoor, Tamil Nadu 629802, India"
630562,9.9011336,78.4069732,Malampatti,Tamil Nadu,"Malampatti, Tamil Nadu 630562, India"
631003,13.1380541,79.6614376,Itchiputhur,Tamil Nadu,"Itchiputhur, Tamil Nadu 631003, India"
632001,12.8954355,79.149209,Vellore,Tamil Nadu,"Vellore, Tamil Nadu 632001, India"
632006,12.9566635,79.1209829,Vellore,Tamil Nadu,"Vellore, Tamil Nadu 632006, India"
632114,12.9143376,79.058856,Poigai,Tamil Nadu,"Poigai, Tamil Nadu 632114, India"
632202,12.9765053,79.0532061,Latteri,Tamil Nadu,"Latteri, Tamil Nadu 632202, India"
632301,12.6715646,79.2873953,,Tamil Nadu,"Tamil Nadu 632301, India"
632401,12.9285555,79.33247329999999,Ranipet,Tamil Nadu,"Ranipet, Tamil Nadu 632401, India"
632404,12.9406286,79.30573679999999,Karai,Tamil Nadu,"Karai, Tamil Nadu 632404, India"
635001,12.537032,78.24476670000001,,Tamil Nadu,"Tamil Nadu 635001, India"
635002,12.550505,78.230526,,Tamil Nadu,"Tamil Nadu 635002, India"
635102,12.2958883,77.69941969999999,Anchetty,Tamil Nadu,"Anchetty, Tamil Nadu 635102, India"
635103,12.8097216,77.8481628,Nallur,Tamil Nadu,"Nallur, Tamil Nadu 635103, India"
635104,12.573191,78.36146719999999,Emakalnatham,Tamil Nadu,"Emakalnatham, Tamil Nadu 635104, India"
635105,12.7805989,77.9510209,Sundatti,Tamil Nadu,"Sundatti, Tamil Nadu 635105, India"
635106,12.4229699,78.15074229999999,,Tamil Nadu,"Tamil Nadu 635106, India"
635107,12.4564779,77.76809519999999,Devarulimangalam,Tamil Nadu,"Devarulimangalam, Tamil Nadu 635107, India"
635109,12.7193992,77.8481628,Kelavarapalli,Tamil Nadu,"Kelavarapalli, Tamil Nadu 635109, India"
635110,12.6495952,77.80241699999999,Nagondapalli,Tamil Nadu,"Nagondapalli, Tamil Nadu 635110, India"
635113,12.5507595,77.85959629999999,Varaganapalli,Tamil Nadu,"Varaganapalli, Tamil Nadu 635113, India"
635114,12.6346097,77.7223162,B Kothapalli,Tamil Nadu,"B Kothapalli, Tamil Nadu 635114, India"
635115,12.5995119,78.1906417,Kompalli,Tamil Nadu,"Kompalli, Tamil Nadu 635115, India"
635117,12.647214,77.99670429999999,Shoolagiri,Tamil Nadu,"Shoolagiri, Tamil Nadu 635117, India"
635118,12.5852692,77.6307018,Doddaubbanur,Tamil Nadu,"Doddaubbanur, Tamil Nadu 635118, India"
635123,12.3094466,78.25900539999999,Deveerahalli,Tamil Nadu,"Deveerahalli, Tamil Nadu 635123, India"
635124,12.8495267,77.8538797,Boppalapuram,Tamil Nadu,"Boppalapuram, Tamil Nadu 635124, India"
635126,12.7683358,77.8081363,Shanthapuram,Tamil Nadu,"Shanthapuram, Tamil Nadu 635126, India"
635202,12.1979007,78.2817834,Krishnapuram,Tamil Nadu,"Krishnapuram, Tamil Nadu 635202, India"
635205,12.2389663,78.1906417,Kottumaranahalli,Tamil Nadu,"Kottumaranahalli, Tamil Nadu 635205, India"
635207,12.276066,78.5320107,Marampatti,Tamil Nadu,"Marampatti, Tamil Nadu 635207, India"
635601,12.4944385,78.5632461,Tirupathur,Tamil Nadu,"Tirupathur, Tamil Nadu 635601, India"
635602,12.4573994,78.5547283,Tirupathur,Tamil Nadu,"Tirupathur, Tamil Nadu 635602, India"
635702,12.5092912,78.713608,Andiyappanur,Tamil Nadu,"Andiyappanur, Tamil Nadu 635702, India"
635751,12.6567393,78.5944718,Vaniyambadi,Tamil Nadu,"Vaniyambadi, Tamil Nadu 635751, India"
635853,12.5741746,78.64554749999999,,Tamil Nadu,"Tamil Nadu 635853, India"
635854,12.5771576,78.4524591,Pachoor,Tamil Nadu,"Pachoor, Tamil Nadu 635854, India"
635901,12.4976532,78.44108949999999,Kandili,Tamil Nadu,"Kandili, Tamil Nadu 635901, India"
636008,11.700408,78.1906417,Salem,Tamil Nadu,"Anna Nagar, Salem, Tamil Nadu 636008, India"
636014,11.6588044,78.1991896,Salem,Tamil Nadu,"Salem, Tamil Nadu 636014, India"
636302,11.6769108,78.0965691,Andipatti,Tamil Nadu,"Andipatti, Salem, Tamil Nadu 636302, India"
636352,11.9644808,78.07660360000001,,Tamil Nadu,"Tamil Nadu 636352, India"
636701,12.1421693,78.16214370000002,Muthupatti,Tamil Nadu,"Muthupatti, Tamil Nadu 636701, India"
636705,12.1069895,78.1279359,,Tamil Nadu,"Tamil Nadu 636705, India"
636808,12.2846949,77.9510209,Begarahalli,Tamil Nadu,"Begarahalli, Tamil Nadu 636808, India"
636810,12.0540068,77.8138553,Senganur,Tamil Nadu,"Senganur, Tamil Nadu 636810, India"
636811,11.9702866,77.9510209,Chinnampalli,Tamil Nadu,"Chinnampalli, Tamil Nadu 636811, India"
636813,12.1166467,77.96244349999999,Manjinaikanahalli,Tamil Nadu,"Manjinaikanahalli, Tamil Nadu 636813, India"
637404,11.3019907,78.2817834,Kalappanaickenpatti,Tamil Nadu,"Kalappanaickenpatti, Tamil Nadu 637404, India"
638001,11.3377213,77.725178,Erode,Tamil Nadu,"Surampattivalasu, Erode, Tamil Nadu 638001, India"
638008,11.4142354,77.7566523,Alampalayam,Tamil Nadu,"Alampalayam, Tamil Nadu 638008, India"
638104,11.1934891,77.80241699999999,Sellathapalayam,Tamil Nadu,"Sellathapalayam, Tamil Nadu 638104, India"
638452,11.4642077,77.4271665,Muthukalimadai,Tamil Nadu,"Muthukalimadai, Tamil Nadu 638452, India"
638476,11.4248012,77.4816693,Nathipalayam,Tamil Nadu,"Nathipalayam, Tamil Nadu 638476, India"
638506,11.5089234,77.3668965,Vaniputhur,Tamil Nadu,"Vaniputhur, Tamil Nadu 638506, India"
638673,10.6963234,77.57340479999999,Ponnivadi,Tamil Nadu,"Ponnivadi, Tamil Nadu 638673, India"
638701,11.0179181,77.58486649999999,Kangeyam,Tamil Nadu,"Kangeyam, Tamil Nadu 638701, India"
641001,10.9990845,76.944141,Coimbatore,Tamil Nadu,"Coimbatore, Tamil Nadu 641001, India"
641002,11.0104033,76.94990279999999,Coimbatore,Tamil Nadu,"Coimbatore, Tamil Nadu 641002, India"
641012,11.0206529,76.96286580000002,Coimbatore,Tamil Nadu,"Coimbatore, Tamil Nadu 641012, India"
641023,10.9673822,76.97870759999999,Coimbatore,Tamil Nadu,"Coimbatore, Tamil Nadu 641023, India"
641025,11.0397179,76.9239727,Coimbatore,Tamil Nadu,"Coimbatore, Tamil Nadu 641025, India"
641027,11.0288312,76.95998519999999,Coimbatore,Tamil Nadu,"Coimbatore, Tamil Nadu 641027, India"
641029,11.0744506,76.958545,Coimbatore,Tamil Nadu,"Coimbatore, Tamil Nadu 641029, India"
641035,11.0682452,77.0061453,Balaji Nagar Phase II,Tamil Nadu,"Balaji Nagar Phase II, Tamil Nadu 641035, India"
641038,11.0307214,76.9398195,Coimbatore,Tamil Nadu,"Coimbatore, Tamil Nadu 641038, India"
641104,11.2460456,76.9527836,Karamadai,Tamil Nadu,"Karamadai, Tamil Nadu 641104, India"
641105,10.9127276,76.9297354,Thirumalayampalayam,Tamil Nadu,"Thirumalayampalayam, Tamil Nadu 641105, India"
641108,11.0847318,76.8144298,Somayampalayam,Tamil Nadu,"Somayampalayam, Tamil Nadu 641108, India"
641201,10.896539,77.067959,Panappatti,Tamil Nadu,"Panappatti, Tamil Nadu 641201, India"
641202,10.8374341,77.10824439999999,Mettubavi,Tamil Nadu,"Mettubavi, Tamil Nadu 641202, India"
641655,11.2783776,77.1830243,Sevur,Tamil Nadu,"Sevur, Tamil Nadu 641655, India"
642001,10.6669504,76.99310740000001,Teachers Colony,Tamil Nadu,"Teachers Colony, Tamil Nadu 642001, India"
642002,10.6899814,77.01614359999999,,Tamil Nadu,"Tamil Nadu 642002, India"
642109,10.7821018,76.9758274,Kothavadi,Tamil Nadu,"Kothavadi, Tamil Nadu 642109, India"
642126,10.5892078,77.2462628,Ponneri,Tamil Nadu,"Ponneri, Tamil Nadu 642126, India"
643212,11.5756036,76.5083562,,Tamil Nadu,"Tamil Nadu 643212, India"
670012,11.8708485,75.3805667,,Kerala,"Kerala 670012, India"
670142,12.0606852,75.42281899999999,,Kerala,"Kerala 670142, India"
670633,12.0940239,75.632447,Chandanakampara,Kerala,"Chandanakampara, Kerala 670633, India"
670643,11.8444159,75.5393155,Pathiriyad,Kerala,"Pathiriyad, Kerala 670643, India"
670650,11.8305783,75.70225669999999,Nedumpoil,Kerala,"Nedumpoil, Kerala 670650, India"
671121,12.4990674,74.9851678,Bedira,Kerala,"Bedira, Kerala 671121, India"
671322,12.7112337,74.9851678,Uppala Gate,Kerala,"Uppala Gate, Kerala 671322, India"
671541,12.4596895,75.17788530000001,Chattanchal,Kerala,"Mundol, Chattanchal, Kerala 671541, India"
673523,11.5344293,75.66153840000001,,Kerala,"Kerala 673523, India"
673527,11.5325987,75.84758529999999,Kanthalad,Kerala,"Koorachunde, Kanthalad, Kerala 673527, India"
673571,11.3122235,75.8708242,Padanilam,Kerala,"Padanilam, Kerala 673571, India"
678001,10.7600574,76.6557102,Palakkad,Kerala,"New Civil Nagar, Palakkad, Kerala 678001, India"
679329,11.3009076,76.2131474,Akampadam,Kerala,"Akampadam, Kerala 679329, India"
680003,10.5303991,76.18706809999999,,Kerala,"Kerala 680003, India"
680502,10.6306461,76.0943011,Chemmanthatta,Kerala,"Puthussery, Chemmanthatta, Kerala 680502, India"
680592,20.593684,78.96288,,,India
682024,10.0317483,76.30872819999999,Kochi,Kerala,"Kochi, Kerala 682024, India"
682301,9.937768199999999,76.34636239999999,,Kerala,"Kerala 682301, India"
685251,20.593684,78.96288,,,India
685509,9.444040099999999,77.2405153,Kumily,Kerala,"Kumily, Kerala 685509, India"
686611,9.7026569,76.4620928,Kallara,Kerala,"Pravattom, Kallara, Kerala 686611, India"
686667,9.9064391,76.514138,Anchelpetty,Kerala,"Anchelpetty, Kerala 686667, India"
688524,9.6980083,76.34636239999999,Nedumprakkad,Kerala,"Nedumprakkad, Kerala 688524, India"
689501,9.1904379,76.69324379999999,,Kerala,"Kerala 689501, India"
689503,9.2519572,76.6730348,Kulanada,Kerala,"Kulanada, Kerala 689503, India"
690107,9.207758199999999,76.5777203,Varenickal,Kerala,"Varenickal, Kerala 690107, India"
690502,9.1826211,76.4852265,,Kerala,"Kerala 690502, India"
690514,9.2895436,76.4505243,Haripad,Kerala,"Haripad, Kerala 690514, India"
691305,9.022763699999999,76.9153281,,Kerala,"Kerala 691305, India"
691556,9.1185156,76.7971247,,Kerala,"Kerala 691556, India"
695020,8.4520349,76.9988669,Nemom,Kerala,"Nemom, Kerala 695020, India"
695604,8.8385126,76.8201976,Moothala,Kerala,"Moothala, Kerala 695604, India"
700019,22.5279995,88.3660445,Kolkata,West Bengal,"Kolkata, West Bengal 700019, India"
700093,22.4728741,88.3470047,Kolkata,West Bengal,"Kolkata, West Bengal 700093, India"
700136,22.6393024,88.4573454,Kolkata,West Bengal,"Kolkata, West Bengal 700136, India"
712102,22.9091045,88.3336477,Sankarbati,West Bengal,"Sankarbati, West Bengal 712102, India"
712136,22.8557507,88.35793009999999,,West Bengal,"West Bengal 712136, India"
713216,23.5436978,87.3065834,Durgapur,West Bengal,"City Center, Durgapur, West Bengal 713216, India"
713347,23.6060121,87.1323139,,West Bengal,"West Bengal 713347, India"
721212,22.6398728,87.74680710000001,Ghatal,West Bengal,"Ghatal, West Bengal 721212, India"
731103,23.9084071,87.5160906,Baram,West Bengal,"Baram, Suri, West Bengal 731103, India"
733208,26.003878,87.9922684,Panjipara,West Bengal,"Panjipara, West Bengal 733208, India"
734201,27.0902953,88.1096118,,West Bengal,"West Bengal 734201, India"
736101,26.3298006,89.45058019999999,Kharimala Khagrabari,West Bengal,"Kharimala Khagrabari, Cooch Behar, West Bengal 736101, India"
781005,26.1574857,91.7806619,Guwahati,Assam,"Krishnanagar, Guwahati, Assam 781005, India"
815301,24.1765715,86.30217359999999,Mathadih,Jharkhand,"Mathadih, Jharkhand 815301, India"
5600035,20.593684,78.96288,,,India
